"","Year","California Predictions"
"1",2021,464369.607120421
"2",2022,492472.516244216
"3",2023,516304.035306055
"4",2024,540107.210527776
"5",2025,563895.715253995
"6",2026,587679.316541451
"7",2027,611457.36990526
"8",2028,635226.281977894
"9",2029,658985.401391964
"10",2030,682746.177632907
"11",2031,706505.365763825
"12",2032,730237.658738302
"13",2033,753970.665321044
"14",2034,777704.066274273
"15",2035,801437.894816519
