"","Year","projections"
"1",2021,382556.547250458
"2",2022,398023.125895619
"3",2023,415639.648498048
"4",2024,433227.864610777
"5",2025,450801.453930274
"6",2026,468370.098485928
"7",2027,485933.180892828
"8",2028,503487.105545714
"9",2029,521031.217124725
"10",2030,538576.97039266
"11",2031,556121.105712072
"12",2032,573638.314679967
"13",2033,591156.208457255
"14",2034,608674.467777633
"15",2035,626193.124560098
